Paper,Category
#20 Plain 8.5 x 11,Plain/Uncoated Paper
#20 Plain 11 X 17,Plain/Uncoated Paper
Husky/Links/Finch 60T 8.5 x 11,Plain/Uncoated Paper
Husky/Links/Finch 60T 8.5 x 14,Plain/Uncoated Paper
Husky/Links/Finch 60T 11 x 17,Plain/Uncoated Paper
Husky/Links/Finch 60T 12 x 18,Plain/Uncoated Paper
Husky/Links/Finch 60T 13 x 19,Plain/Uncoated Paper
Husky/Links/Finch 70T 8.5 x 11,Plain/Uncoated Paper
Husky/Links/Finch 70T 8.5 x 14,Plain/Uncoated Paper
Husky/Links/Finch 70T 11 x 17,Plain/Uncoated Paper
Husky/Links/Finch 70T 12 x 18,Plain/Uncoated Paper
Husky/Links/Finch 70T 13 x 19,Plain/Uncoated Paper
Husky/Links/Finch 80T 8.5 x 11,Plain/Uncoated Paper
Husky/Links/Finch 80T 8.5 x 14,Plain/Uncoated Paper
Husky/Links/Finch 80T 11 x 17,Plain/Uncoated Paper
Husky/Links/Finch 80T 12 x 18,Plain/Uncoated Paper
Husky/Links/Finch 80T 13 x 19,Plain/Uncoated Paper
Husky/Links/Finch 100T 8.5 x 11,Plain/Uncoated Paper
Husky/Links/Finch 100T 8.5 x 14,Plain/Uncoated Paper
Husky/Links/Finch 100T 11 x 17,Plain/Uncoated Paper
Husky/Links/Finch 100T 12 x 18,Plain/Uncoated Paper
Husky/Links/Finch 100T 13 x 19,Plain/Uncoated Paper
Omnilux 40T 12 x 18,Plain/Uncoated Paper
Omnilux 40T 13 x 19,Plain/Uncoated Paper
Omnilux 50T 12 x 18,Plain/Uncoated Paper
Omnilux 50T 13 x 19,Plain/Uncoated Paper
Omnilux 60T 8.5 x 11,Plain/Uncoated Paper
Omnilux 60T 8.5 x 14,Plain/Uncoated Paper
Omnilux 60T 11 x 17,Plain/Uncoated Paper
Omnilux 60T 12 x 18,Plain/Uncoated Paper
Omnilux 60T 13 x 19,Plain/Uncoated Paper
Omnilux 70T 8.5 x 11,Plain/Uncoated Paper
Omnilux 70T 8.5 x 14,Plain/Uncoated Paper
Omnilux 70T 11 x 17,Plain/Uncoated Paper
Omnilux 70T 12 x 18,Plain/Uncoated Paper
Omnilux 70T 13 x 19,Plain/Uncoated Paper
Omnilux 80T 8.5 x 11,Plain/Uncoated Paper
Omnilux 80T 8.5 x 14,Plain/Uncoated Paper
Omnilux 80T 11 x 17,Plain/Uncoated Paper
Omnilux 80T 12 x 18,Plain/Uncoated Paper
Omnilux 80T 13 x 19,Plain/Uncoated Paper
Omnilux 100T 8.5 x 11,Plain/Uncoated Paper
Omnilux 100T 8.5 x 14,Plain/Uncoated Paper
Omnilux 100T 11 x 17,Plain/Uncoated Paper
Omnilux 100T 12 x 18,Plain/Uncoated Paper
Omnilux 100T 13 x 19,Plain/Uncoated Paper
Omnilux 80C (S) 12 x 18,Plain/Uncoated Paper
Omnilux 80C (S) 13 x 19,Plain/Uncoated Paper
Omnilux 80C (L) 12 x 18,Plain/Uncoated Paper
Omnilux 80C (L) 13 x 19,Plain/Uncoated Paper
67# VB 8.5 x 11,Plain/Uncoated Paper
67# VB 11 x 17,Plain/Uncoated Paper
Cougar 60T 8.5 x 11,Plain/Uncoated Paper
Cougar 60T 8.5 x 14,Plain/Uncoated Paper
Cougar 60T 11 x 17,Plain/Uncoated Paper
Cougar 60T 12 x 18,Plain/Uncoated Paper
Cougar 60T 13 x 19,Plain/Uncoated Paper
Cougar 70T 8.5 x 11,Plain/Uncoated Paper
Cougar 70T 8.5 x 14,Plain/Uncoated Paper
Cougar 70T 11 x 17,Plain/Uncoated Paper
Cougar 70T 12 x 18,Plain/Uncoated Paper
Cougar 70T 13 x 19,Plain/Uncoated Paper
Cougar 80T 8.5 x 11,Plain/Uncoated Paper
Cougar 80T 8.5 x 14,Plain/Uncoated Paper
Cougar 80T 11 x 17,Plain/Uncoated Paper
Cougar 80T 12 x 18,Plain/Uncoated Paper
Cougar 80T 13 x 19,Plain/Uncoated Paper
Cougar 100T 8.5 x 11,Plain/Uncoated Paper
Cougar 100T 8.5 x 14,Plain/Uncoated Paper
Cougar 100T 11 x 17,Plain/Uncoated Paper
Cougar 100T 12 x 18,Plain/Uncoated Paper
Cougar 100T 13 x 19,Plain/Uncoated Paper
Cougar 80C (S) 12 x 18,Plain/Uncoated Paper
Cougar 80C (S) 13 x 19,Plain/Uncoated Paper
Cougar 80C (L) 12 x 18,Plain/Uncoated Paper
Cougar 80C (L) 13 x 19,Plain/Uncoated Paper
Cougar 100C (S) 12 x 18,Plain/Uncoated Paper
Cougar 100C (S) 13 x 19,Plain/Uncoated Paper
Cougar 100C (L) 12 x 18,Plain/Uncoated Paper
Cougar 100C (L) 13 x 19,Plain/Uncoated Paper
Cougar 130C (S) 12 x 18,Plain/Uncoated Paper
Cougar 130C (S) 13 x 19,Plain/Uncoated Paper
Links 80C (S) 12 x 18,Plain/Uncoated Paper
Links 80C (S) 13 x 19,Plain/Uncoated Paper
Links 80C (L) 12 x 18,Plain/Uncoated Paper
Links 80C (L) 13 x 19,Plain/Uncoated Paper
Links 100C (S) 12 x 18,Plain/Uncoated Paper
Links 100C (S) 13 x 19,Plain/Uncoated Paper
Links 100C (L) 12 x 18,Plain/Uncoated Paper
Links 100C (L) 13 x 19,Plain/Uncoated Paper
Links 130C (S) 12 x 18,Plain/Uncoated Paper
Links 130C (S) 13 x 19,Plain/Uncoated Paper
Classic Linen 24T 8.5 x 11,Other
Classic Linen 80C 8.5 x 11,Other
Classic Linen 100C 8.5 x 11,Other
Labels Plain 8.5 x 11,Other
Labels Plain 12 x 18,Other
Labels Matte 8.5 x 11,Other
Labels Matte 12 x 18,Other
Labels Gloss 8.5 x 11,Other
Labels Gloss 12 x 18,Other
Labels Vinyl 8.5 x 11,Other
Labels Vinyl 12 x 18,Other
Magnecote Manetic 12 x 18,Other
Synthetic Paper 12 x 18,Other
A-2 Envelope,Envelopes
A-6 Envelope,Envelopes
A-7 Envelope,Envelopes
A-8 Envelope,Envelopes
A-9 Envelope,Envelopes
A-10 Envelope,Envelopes
4 Baronial Env.,Envelopes
5 Baronial Env.,Envelopes
5.5 Baronial Env.,Envelopes
6 Baronial Env.,Envelopes
LEE Baronial Env.,Envelopes
6 x 9 Catalog Env.,Envelopes
9 x 12 Catalog Env.,Envelopes
10 x 13 Catalog Env.,Envelopes
6 x 9 Booklet Env.,Envelopes
9 x 12 Booklet Env.,Envelopes
10 x 13 Booklet Env.,Envelopes
#6.25 Commercial Env.,Envelopes
#6.75 Commercial Env.,Envelopes
#9 Commercial Env.,Envelopes
#9 DIGI Window Env.,Envelopes
#10 Commercial Env.,Envelopes
#10 DIGI Window Env.,Envelopes
#11 Commercial Env.,Envelopes
#12 Commercial Env.,Envelopes
#14 Commercial Env.,Envelopes
6.25 Remittance Env.,Envelopes
6.75 Remittance Env.,Envelopes
9 Remittance Env.,Envelopes
12pt C1S (L) 12 x 18,Gloss Coated
12pt C1S (L) 13 x 19,Gloss Coated
12pt C1S (S) 12 x 18,Gloss Coated
12pt C1S (S) 13 x 19,Gloss Coated
12pt C2S (S) 12 x 18,Gloss Coated
12pt C2S (S) 13 x 19,Gloss Coated
12pt C2S (L) 12 x 18,Gloss Coated
12pt C2S (L) 13 x 19,Gloss Coated
14pt C1S (S) 12 x 18,Gloss Coated
14pt C1S (S) 19 X 13,Gloss Coated
14pt C2S (S) 12 x 18,Gloss Coated
14pt C2S (S) 19 X 13,Gloss Coated
15pt C2S (S) 12 x 18,Gloss Coated
15pt C2S (S) 13 x 19,Gloss Coated
16pt C1S (S) 12 x 18,Gloss Coated
16pt C1S (S) 13 X 19,Gloss Coated
16pt C2S (S) 12 x 18,Gloss Coated
16pt C2S (S) 13 X 19,Gloss Coated
Gloss 70T (L) 12 x 18,Gloss Coated
Gloss 70T (L) 13 x 19,Gloss Coated
Gloss 80T (L) 12 x 18,Gloss Coated
Gloss 80T (L) 13 x 19,Gloss Coated
Gloss 80T (S) 12 x 18,Gloss Coated
Gloss 80T (S) 13 x 19,Gloss Coated
Gloss 100T (L) 12 x 18,Gloss Coated
Gloss 100T (L) 13 x 19,Gloss Coated
Gloss 100T (S) 12 x 18,Gloss Coated
Gloss 100T (S) 13 x 19,Gloss Coated
Gloss 80C (L) 12 x 18,Gloss Coated
Gloss 80C (L) 13 x 19,Gloss Coated
Gloss 80C (S) 12 x 18,Gloss Coated
Gloss 80C (S) 13 x 19,Gloss Coated
Gloss 100C (L) 12 x 18,Gloss Coated
Gloss 100C (L) 13 x 19,Gloss Coated
Gloss 100C (S) 12 x 18,Gloss Coated
Gloss 100C (S) 13 x 19,Gloss Coated
Matte 70T (L) 12 x 18,Matte Coated
Matte 70T (L) 13 x 19,Matte Coated
Matte 80T (L) 12 x 18,Matte Coated
Matte 80T (L) 13 x 19,Matte Coated
Matte 80T (S) 12 x 18,Matte Coated
Matte 80T (S) 13 x 19,Matte Coated
Matte 100T (L) 12 x 18,Matte Coated
Matte 100T (L) 13 x 19,Matte Coated
Matte 100T (S) 12 x 18,Matte Coated
Matte 100T (S) 13 x 19,Matte Coated
Matte 80C (L) 12 x 18,Matte Coated
Matte 80C (L) 13 x 19,Matte Coated
Matte 80C (S) 12 x 18,Matte Coated
Matte 80C (S) 13 x 19,Matte Coated
Matte 100C (L) 12 x 18,Matte Coated
Matte 100C (L) 13 x 19,Matte Coated
Matte 100C (S) 12 x 18,Matte Coated
Matte 100C (S) 13 x 19,Matte Coated
Matte/Silk 130C (S) 12 x 18,Matte Coated
Matte/Silk 130C (S) 13 x 19,Matte Coated
Matte 111 C (S) 12.9 x 19.2,Matte Coated